Date,Open,High,Low,Close,Adj Close,Volume
2014-07-31,23.0,24.0,22.6,23.0,22.304131,56483900
2014-08-01,22.9,23.0,22.67,23.0,22.304131,6458900
2014-08-04,23.1,23.129999,22.9,23.0,22.304131,3455900
2014-08-05,22.99,23.01,22.67,23.0,22.304131,4450200
2014-08-06,22.799999,22.98,22.67,22.98,22.284737,6993400
2014-08-07,22.889999,23.0,22.799999,22.93,22.23625,3186900
2014-08-08,22.93,23.030001,22.799999,22.950001,22.255644,2855000
2014-08-11,22.9,22.93,22.799999,22.93,22.23625,1767500
2014-08-12,22.889999,23.0,22.83,23.0,22.304131,1549700
2014-08-13,23.0,23.23,22.879999,23.18,22.478683,1659100
2014-08-14,23.200001,23.219999,22.950001,23.01,22.313828,1391700
2014-08-15,23.02,23.08,23.0,23.0,22.304131,1948100
2014-08-18,23.059999,23.17,23.02,23.17,22.468987,1073700
2014-08-19,23.200001,24.434999,23.200001,24.41,23.671473,2851800
2014-08-20,24.299999,25.59,24.26,25.190001,24.427876,3544500
2014-08-21,25.469999,25.52,24.92,25.389999,24.621819,2358000
2014-08-22,25.25,25.43,25.1,25.360001,24.59273,891600
2014-08-25,25.370001,25.4,24.879999,25.120001,24.359991,1185400
2014-08-26,25.0,25.1,24.940001,25.049999,24.292107,951000
2014-08-27,25.0,25.540001,24.950001,25.469999,24.699402,1230600
2014-08-28,25.4,25.84,25.309999,25.690001,24.912746,981700
2014-08-29,25.809999,25.940001,25.450001,25.790001,25.009718,981200
2014-09-02,25.700001,25.9,25.52,25.790001,25.009718,1873200
2014-09-03,25.99,25.997,25.629999,25.790001,25.009718,996500
2014-09-04,25.530001,25.75,25.51,25.700001,24.922441,1117500
2014-09-05,25.700001,26.02,25.620001,25.77,24.990324,1089800
2014-09-08,25.82,25.98,24.620001,24.84,24.088461,2534800
2014-09-09,25.299999,25.6,24.700001,25.040001,24.282412,3608600
2014-09-10,25.190001,25.305,24.690001,24.700001,23.952698,1974600
2014-09-11,24.75,25.02,24.629999,24.65,23.904207,2029100
2014-09-12,24.530001,24.75,24.440001,24.5,23.758749,1106800
2014-09-15,24.35,24.379999,23.92,24.15,23.419336,1125600
2014-09-16,24.24,24.360001,23.879999,24.309999,23.574495,1512100
2014-09-17,24.450001,24.690001,24.360001,24.549999,23.807236,940400
2014-09-18,24.57,24.84,24.559999,24.67,23.923607,879100
2014-09-19,24.85,25.49,24.709999,25.41,24.641216,5257900
2014-09-22,25.280001,25.360001,24.75,24.84,24.088461,737000
2014-09-23,24.66,24.700001,24.18,24.58,23.836329,940000
2014-09-24,24.73,25.0,24.674999,24.92,24.16604,964600
2014-09-25,24.98,24.98,24.610001,24.629999,23.884811,1350800
2014-09-26,24.610001,24.799999,24.34,24.77,24.020578,1252800
2014-09-29,24.57,24.775,24.34,24.700001,23.952698,1482000
2014-09-30,24.870001,25.120001,24.209999,24.549999,23.807236,8795100
2014-10-01,24.440001,24.59,24.18,24.219999,23.487217,1196600
2014-10-02,24.35,24.690001,23.76,24.58,23.836329,1253000
2014-10-03,24.780001,25.09,24.41,24.83,24.078764,1737500
2014-10-06,24.860001,25.105,24.75,25.0,24.243622,1057100
2014-10-07,24.940001,24.966999,24.549999,24.85,24.098158,803600
2014-10-08,24.809999,25.02,24.700001,25.02,24.263016,1074500
2014-10-09,25.02,25.059999,24.43,24.549999,23.807236,2536300
2014-10-10,24.5,24.719999,24.139999,24.200001,23.467827,1561700
2014-10-13,24.26,24.77,24.200001,24.459999,23.719957,1726100
2014-10-14,24.629999,24.950001,24.58,24.85,24.098158,1036400
2014-10-15,24.74,24.969999,24.030001,24.52,23.778143,1529300
2014-10-16,24.200001,24.799999,24.129999,24.6,23.855721,1889000
2014-10-17,24.719999,25.1,24.65,24.780001,24.030277,981700
2014-10-20,24.75,24.855,24.4,24.709999,23.962395,938300
2014-10-21,24.77,25.26,24.709999,25.17,24.408476,1699700
2014-10-22,25.25,25.450001,25.15,25.379999,24.612122,1546100
2014-10-23,25.469999,25.91,25.440001,25.809999,25.029114,970100
2014-10-24,25.75,26.360001,25.75,26.110001,25.320036,1223100
2014-10-27,26.08,26.794001,26.02,26.530001,25.727331,1011400
2014-10-28,26.73,27.103001,26.603001,26.85,26.037649,1002300
2014-10-29,26.809999,27.08,26.67,27.0,26.183107,730100
2014-10-30,27.08,27.448,26.51,26.790001,25.979465,1038900
2014-10-31,27.049999,27.110001,26.85,27.02,26.202505,934600
2014-11-03,27.08,27.76,26.85,27.34,26.512823,983700
2014-11-04,27.299999,27.450001,26.25,27.01,26.192808,999300
2014-11-05,27.190001,27.5,26.701,27.469999,26.638887,587300
2014-11-06,27.51,27.77,27.27,27.58,26.745562,993100
2014-11-07,27.719999,28.17,27.25,28.15,27.298317,1165800
2014-11-10,28.23,28.870001,28.0,28.77,27.899559,1474200
2014-11-11,28.799999,29.26,28.700001,29.110001,28.229273,1643700
2014-11-12,29.0,29.16,28.641001,29.030001,28.151693,1033700
2014-11-13,29.01,29.23,28.82,28.99,28.112898,1656800
2014-11-14,28.92,29.559999,28.85,29.049999,28.171087,1912000
2014-11-17,29.049999,29.25,28.83,29.129999,28.248667,1010300
2014-11-18,29.209999,29.43,28.785,28.950001,28.074112,948900
2014-11-19,28.99,29.0,28.65,28.940001,28.064415,2141800
2014-11-20,28.959999,29.35,28.91,29.24,28.355341,1300600
2014-11-21,29.299999,29.4,29.01,29.17,28.287457,1003900
2014-11-24,29.27,29.41,28.85,28.969999,28.093508,1177500
2014-11-25,28.93,29.32,28.030001,28.66,27.792887,5938500
2014-11-26,28.83,29.08,28.74,28.799999,27.92865,1327400
2014-11-28,28.75,29.030001,28.75,29.01,28.132299,425200
2014-12-01,29.0,29.129999,28.73,28.879999,28.006229,1020800
2014-12-02,28.940001,29.305,28.886999,29.049999,28.171087,1091100
2014-12-03,29.120001,29.139999,28.9,29.0,28.122601,730200
2014-12-04,29.01,29.34,28.91,29.15,28.268059,829000
2014-12-05,29.280001,29.290001,28.93,29.25,28.365036,818700
2014-12-08,29.290001,29.84,29.02,29.51,28.61717,1644100
2014-12-09,29.530001,29.635,29.198,29.52,28.626869,1085700
2014-12-10,29.549999,29.9,29.5,29.65,28.752934,760000
2014-12-11,29.67,30.0,29.431999,29.52,28.626869,1057900
2014-12-12,29.33,29.48,28.93,29.0,28.122601,1632500
2014-12-15,29.15,29.209999,28.16,28.629999,27.763792,1310500
2014-12-16,28.6,28.66,28.15,28.440001,27.579546,2238500
2014-12-17,28.52,28.99,28.32,28.9,28.025625,1311900
2014-12-18,29.379999,29.879999,28.940001,29.75,28.849907,1015700
2014-12-19,29.82,30.049999,29.790001,30.0,29.092344,1337500
2014-12-22,29.610001,29.969999,29.504999,29.85,28.946882,770300
2014-12-23,30.040001,30.299999,29.719999,30.0,29.092344,504100
2014-12-24,30.110001,30.17,29.969999,30.110001,29.199017,78600
2014-12-26,30.17,30.620001,30.066,30.5,29.577217,426500
2014-12-29,30.450001,30.639999,30.27,30.459999,29.538427,296100
2014-12-30,30.49,30.5,29.889999,30.0,29.092344,517800
2014-12-31,30.110001,30.129999,29.68,29.75,28.849907,430000
2015-01-02,29.790001,29.799999,29.35,29.48,28.588076,580000
2015-01-05,29.379999,29.620001,28.68,29.25,28.365036,1593900
2015-01-06,29.4,29.43,28.450001,28.85,27.977137,2198300
2015-01-07,29.52,29.68,28.91,29.200001,28.316551,1365100
2015-01-08,29.530001,30.1,29.49,29.98,29.072948,835000
2015-01-09,30.07,30.07,29.49,29.700001,28.801424,477600
2015-01-12,29.76,29.799999,29.530001,29.530001,28.636566,754700
2015-01-13,29.77,30.0,29.459999,29.709999,28.811117,629700
2015-01-14,29.389999,29.6,29.07,29.15,28.268059,866800
2015-01-15,29.190001,29.25,27.92,28.52,27.657122,1093700
2015-01-16,28.34,29.049999,28.205999,28.99,28.112898,425200
2015-01-20,28.99,29.195,28.610001,29.1,28.219576,958200
2015-01-21,29.1,29.290001,28.969999,29.18,28.297153,863700
2015-01-22,29.219999,29.5,28.43,29.049999,28.171087,2514800
2015-01-23,30.0,32.0,29.0,30.969999,30.032995,3170800
2015-01-26,30.799999,31.459999,30.719999,31.33,30.382105,3123200
2015-01-27,31.190001,31.5,30.889999,31.32,30.372408,1401800
2015-01-28,31.76,31.76,31.1,31.25,30.304525,1038100
2015-01-29,31.219999,31.49,31.0,31.23,30.28513,1383400
2015-01-30,31.110001,31.33,30.77,30.860001,29.926329,1255100
2015-02-02,30.84,31.190001,30.690001,31.16,30.217249,758800
2015-02-03,31.299999,31.5,30.959999,31.129999,30.188158,919900
2015-02-04,31.110001,31.379999,30.98,31.25,30.304525,1276200
2015-02-05,31.27,32.080002,31.129999,32.0,31.031836,1114100
2015-02-06,32.07,32.68,31.965,32.139999,31.167601,1115900
2015-02-09,32.119999,32.404999,32.009998,32.400002,31.419735,1118100
2015-02-10,32.619999,33.130001,32.369999,33.110001,32.108253,2354000
2015-02-11,33.25,33.610001,33.009998,33.549999,32.534935,2110800
2015-02-12,33.740002,33.959999,33.529999,33.610001,32.593124,2334600
2015-02-13,33.389999,33.57,32.619999,32.799999,31.807632,1234700
2015-02-17,32.799999,32.810001,31.85,31.92,30.954256,1728000
2015-02-18,31.799999,32.200001,31.75,31.91,30.944557,1054500
2015-02-19,31.940001,32.080002,31.790001,31.879999,30.915462,556200
2015-02-20,31.959999,32.77,31.674999,32.59,31.603985,2082300
2015-02-23,32.560001,32.710999,32.25,32.619999,31.633072,868700
2015-02-24,32.459999,33.0,31.91,32.360001,31.380941,1028800
2015-02-25,32.330002,32.59,32.099998,32.290001,31.313061,672500
2015-02-26,32.529999,32.709999,32.360001,32.450001,31.468218,356800
2015-02-27,32.369999,32.549999,31.93,31.950001,30.983347,553100
2015-03-02,31.950001,32.040001,31.221001,31.959999,30.99304,785700
2015-03-03,32.16,32.25,31.85,32.139999,31.167601,484600
2015-03-04,32.049999,32.049999,31.82,31.889999,30.925161,437100
2015-03-05,31.98,32.470001,31.780001,31.959999,30.99304,486000
2015-03-06,31.940001,32.0,31.190001,31.200001,30.256039,694100
2015-03-09,31.34,32.154999,31.25,31.98,31.012442,776300
2015-03-10,31.799999,31.93,31.084999,31.1,30.159063,912300
2015-03-11,31.25,31.719999,31.110001,31.549999,30.595448,588900
2015-03-12,31.780001,32.02,31.559999,31.889999,30.925161,503200
2015-03-13,31.870001,31.940001,31.26,31.82,30.857281,889900
2015-03-16,32.0,32.0,31.790001,31.950001,30.983347,628200
2015-03-17,31.68,32.439999,31.58,32.23,31.254873,818500
2015-03-18,32.209999,32.209999,31.629999,31.92,30.954256,630600
2015-03-19,31.92,32.400002,31.84,32.369999,31.390638,657000
2015-03-20,32.5,32.884998,32.209999,32.25,31.274271,1497200
2015-03-23,32.189999,32.529999,31.77,31.780001,30.818491,653900
2015-03-24,31.780001,31.92,31.5,31.65,30.692423,723600
2015-03-25,31.379999,31.51,30.83,30.92,29.98451,1175400
2015-03-26,31.01,31.030001,30.370001,30.610001,29.683889,887900
2015-03-27,30.74,30.74,29.93,30.059999,29.150528,960600
2015-03-30,30.16,30.41,30.059999,30.290001,29.373571,577200
2015-03-31,30.24,30.49,29.969999,30.35,29.431755,1384200
2015-04-01,30.129999,30.690001,29.91,30.41,29.489939,1138700
2015-04-02,30.4,30.709999,30.24,30.610001,29.683889,841400
2015-04-06,30.5,30.83,29.690001,29.84,28.937187,1070800
2015-04-07,30.129999,30.719999,29.5,29.76,28.859608,1467400
2015-04-08,29.799999,30.15,29.728001,29.969999,29.063253,734300
2015-04-09,30.02,30.35,29.9,30.139999,29.228107,839500
2015-04-10,30.24,30.75,30.15,30.59,29.664495,1287800
2015-04-13,30.51,30.805,30.4,30.639999,29.71298,1199500
2015-04-14,30.67,30.84,30.51,30.52,29.596615,806500
2015-04-15,30.51,30.809999,30.48,30.68,29.75177,389900
2015-04-16,30.700001,30.940001,30.299999,30.77,29.839048,1208000
2015-04-17,31.0,31.0,30.219999,30.52,29.596615,1361200
2015-04-20,31.1,31.280001,30.6,30.9,29.965115,2179500
2015-04-21,30.98,31.35,30.9,31.200001,30.256039,1879800
2015-04-22,31.799999,32.040001,31.02,31.040001,30.10088,2040200
2015-04-23,31.52,31.549999,30.83,30.959999,30.023296,1391300
2015-04-24,30.93,31.120001,30.629999,30.82,29.887537,661700
2015-04-27,30.83,31.01,30.559999,30.620001,29.693588,625500
2015-04-28,30.809999,30.879999,30.5,30.66,29.732378,567400
2015-04-29,30.57,31.059999,30.27,30.74,29.809956,1600200
2015-04-30,30.709999,31.4,30.639999,31.15,30.207552,1228600
2015-05-01,31.389999,31.549999,31.245001,31.52,30.566359,594800
2015-05-04,31.549999,31.719999,31.450001,31.709999,30.750607,610000
2015-05-05,31.9,32.25,31.74,31.940001,30.97365,1271600
2015-05-06,32.169998,32.23,31.780001,32.09,31.11911,943300
2015-05-07,32.060001,32.66,31.809999,32.650002,31.662172,1095500
2015-05-08,32.73,33.209999,32.639999,33.200001,32.19553,935900
2015-05-11,33.169998,33.310001,32.785,32.889999,31.894909,549200
2015-05-12,32.34,33.34,32.040001,33.119999,32.117947,2022500
2015-05-13,33.119999,33.419998,32.740002,32.900002,31.904604,1075800
2015-05-14,32.98,33.130001,32.369999,32.77,31.778536,1449000
2015-05-15,32.860001,32.904999,31.764999,31.809999,30.84758,1300100
2015-05-18,31.82,31.870001,31.5,31.84,30.876675,796500
2015-05-19,31.84,32.060001,31.799999,32.060001,31.090021,743100
2015-05-20,32.189999,32.759998,31.986,32.650002,31.662172,634500
2015-05-21,32.59,32.779999,32.389999,32.470001,31.487614,430400
2015-05-22,32.41,32.700001,32.169998,32.5,31.516706,360600
2015-05-26,32.459999,32.5,31.870001,32.119999,31.148203,565500
2015-05-27,32.130001,32.599998,32.099998,32.459999,31.477915,346100
2015-05-28,32.330002,32.66,32.25,32.529999,31.545799,355800
2015-05-29,32.560001,32.59,32.125,32.290001,31.313061,821900
2015-06-01,32.360001,32.619999,31.9,32.41,31.429426,483000
2015-06-02,32.279999,32.77,32.259998,32.650002,31.662172,466700
2015-06-03,32.689999,33.619999,32.509998,33.18,32.176132,1834900
2015-06-04,33.040001,33.110001,32.674999,32.75,31.759144,793000
2015-06-05,32.849998,32.889999,32.509998,32.799999,31.807632,319000
2015-06-08,32.790001,32.799999,32.584999,32.650002,31.662172,482200
2015-06-09,32.619999,32.919998,32.5,32.860001,31.865816,699900
2015-06-10,32.970001,33.34,32.82,33.299999,32.2925,731200
2015-06-11,33.290001,33.880001,33.16,33.220001,32.214924,1152200
2015-06-12,33.169998,33.400002,32.860001,33.119999,32.117947,489000
2015-06-15,32.919998,33.139999,32.529999,32.970001,31.972488,1670500
2015-06-16,33.0,33.16,32.445,32.5,31.516706,632000
2015-06-17,32.599998,32.990002,32.439999,32.75,31.759144,497600
2015-06-18,32.799999,33.139999,32.689999,32.82,31.827026,590500
2015-06-19,32.91,32.970001,32.689999,32.919998,31.923996,492100
2015-06-22,33.029999,33.25,32.77,32.91,31.914303,459000
2015-06-23,32.990002,33.279999,32.91,32.990002,31.991884,664600
2015-06-24,32.990002,33.205002,32.709999,32.759998,31.768839,521700
2015-06-25,32.860001,32.860001,32.43,32.810001,31.817326,705700
2015-06-26,32.880001,33.16,32.5,32.700001,31.710659,2129400
2015-06-29,32.419998,32.560001,32.169998,32.23,31.254873,738700
2015-06-30,32.560001,33.044998,32.374001,32.93,31.933695,911600
2015-07-01,33.099998,33.330002,32.830002,33.32,32.311897,570100
2015-07-02,33.369999,33.380001,32.950001,33.139999,32.137341,490000
2015-07-06,32.91,32.91,32.32,32.5,31.516706,1133400
2015-07-07,32.610001,32.790001,32.169998,32.5,31.516706,1575200
2015-07-08,32.439999,32.459999,31.945,32.009998,31.041531,621500
2015-07-09,32.560001,32.970001,32.380001,32.599998,31.613678,811700
2015-07-10,32.900002,33.380001,32.720001,33.07,32.069458,727200
2015-07-13,33.330002,33.5,32.939999,33.349998,32.340984,1054600
2015-07-14,33.380001,33.93,33.25,33.77,32.748283,999800
2015-07-15,33.900002,34.365002,33.630001,34.139999,33.10709,831000
2015-07-16,34.259998,34.459999,34.07,34.130001,33.097389,636200
2015-07-17,34.5,35.73,34.189999,35.080002,34.01865,1234000
2015-07-20,35.299999,36.209999,35.299999,35.990002,34.901115,1192800
2015-07-21,36.02,36.400002,35.566002,35.610001,34.532612,822100
2015-07-22,35.580002,35.880001,35.07,35.68,34.600491,784600
2015-07-23,35.84,36.07,35.43,35.630001,34.55201,507300
2015-07-24,35.529999,35.669998,34.630001,34.68,33.63076,831300
2015-07-27,34.619999,34.900002,34.27,34.619999,33.572563,487500
2015-07-28,34.75,34.889999,33.98,34.23,33.19437,1762100
2015-07-29,34.27,34.709999,34.195999,34.48,33.436798,1141700
2015-07-30,34.580002,34.810001,34.200001,34.599998,33.553165,989100
2015-07-31,34.610001,34.759998,34.349998,34.360001,33.320435,941800
2015-08-03,34.43,34.540001,34.16,34.360001,33.320435,569100
2015-08-04,34.369999,34.799999,34.299999,34.41,33.368919,1227500
2015-08-05,34.599998,34.779999,34.25,34.560001,33.514381,919700
2015-08-06,34.779999,34.82,34.029999,34.130001,33.097389,631600
2015-08-07,34.060001,34.209999,33.435001,33.98,32.951923,646500
2015-08-10,34.119999,34.639999,34.029999,34.619999,33.572563,504500
2015-08-11,34.59,34.68,34.119999,34.669998,33.621048,942900
2015-08-12,34.669998,35.0,34.259998,34.959999,33.902279,1265500
2015-08-13,34.959999,35.349998,34.720001,35.16,34.096222,796800
2015-08-14,35.5,35.5,34.790001,35.139999,34.076832,529500
2015-08-17,34.860001,35.349998,34.5,35.32,34.251385,505700
2015-08-18,35.27,35.459999,34.98,35.139999,34.076832,567200
2015-08-19,34.880001,35.27,34.43,34.959999,33.902279,669100
2015-08-20,34.619999,34.685001,34.16,34.360001,33.320435,1342300
2015-08-21,33.900002,34.18,33.605,33.720001,32.699799,2185400
2015-08-24,32.220001,33.66,30.27,33.150002,32.147045,3017000
2015-08-25,33.73,33.970001,32.610001,32.990002,31.991884,2338100
2015-08-26,33.450001,33.450001,32.23,32.669998,31.681566,2290500
2015-08-27,32.990002,32.990002,31.82,32.330002,31.351852,2728200
2015-08-28,32.110001,32.77,31.92,32.650002,31.662172,1804000
2015-08-31,32.759998,33.259998,32.470001,32.950001,31.953091,1534700
2015-09-01,32.540001,32.700001,31.59,31.709999,30.750607,2032900
2015-09-02,31.889999,32.251999,31.33,31.790001,30.828188,1138200
2015-09-03,32.09,32.348999,31.848,32.189999,31.216084,920300
2015-09-04,31.73,32.099998,31.34,31.6,30.643938,1590400
2015-09-08,32.009998,32.380001,31.82,32.279999,31.30336,1969600
2015-09-09,32.59,32.830002,32.029999,32.130001,31.157902,3837200
2015-09-10,31.68,32.240002,31.370001,32.09,31.11911,2324200
2015-09-11,31.98,32.16,30.9,31.33,30.382105,2728300
2015-09-14,31.25,31.629999,30.82,31.17,30.226946,3086700
2015-09-15,31.09,31.280001,30.790001,31.120001,30.178459,2336400
2015-09-16,30.77,31.084999,30.33,30.879999,29.945717,2265400
2015-09-17,30.809999,31.33,30.67,30.77,29.839048,1058900
2015-09-18,30.51,30.700001,30.120001,30.559999,29.635401,2032200
2015-09-21,30.559999,31.0,30.25,30.870001,29.936022,1573300
2015-09-22,30.719999,30.82,30.200001,30.58,29.654795,1376900
2015-09-23,30.66,31.08,30.49,31.059999,30.120275,996300
2015-09-24,30.700001,31.110001,30.540001,30.83,29.897234,1002700
2015-09-25,31.059999,31.200001,30.860001,31.030001,30.091181,552800
2015-09-28,31.0,31.34,30.42,31.16,30.217249,1128800
2015-09-29,31.07,31.299999,30.790001,31.040001,30.10088,890900
2015-09-30,31.370001,31.73,30.93,31.299999,30.35301,2178400
2015-10-01,31.309999,31.58,31.120001,31.379999,30.430593,858800
2015-10-02,31.23,31.92,30.969999,31.82,30.857281,1125400
2015-10-05,31.879999,33.349998,31.73,33.310001,32.302208,1210200
2015-10-06,33.869999,33.869999,32.529999,32.799999,31.807632,1247700
2015-10-07,33.0,33.099998,31.790001,32.130001,31.157902,1733800
2015-10-08,32.119999,32.59,31.780001,32.360001,31.380941,763600
2015-10-09,32.310001,33.0,32.299999,32.389999,31.410036,339200
2015-10-12,32.27,32.689999,32.119999,32.34,31.361551,376000
2015-10-13,32.189999,32.365002,31.82,31.82,30.857281,1163500
2015-10-14,31.76,31.82,31.450001,31.530001,30.576056,1311900
2015-10-15,31.190001,32.130001,30.51,31.32,30.372408,9633600
2015-10-16,31.370001,31.370001,29.75,30.15,29.237806,11814800
2015-10-19,30.049999,31.465,28.91,31.34,30.391798,18520900
2015-10-20,31.76,32.900002,31.34,32.34,31.361551,11089000
2015-10-21,32.400002,32.900002,32.02,32.459999,31.477915,7452600
2015-10-22,32.700001,32.812,31.290001,31.83,30.866978,6705900
2015-10-23,32.029999,32.5,31.495001,31.690001,30.731216,7348400
2015-10-26,31.83,31.870001,30.84,31.4,30.449987,7209500
2015-10-27,31.23,31.76,31.040001,31.73,30.770002,7722400
2015-10-28,31.719999,31.91,31.15,31.450001,30.498478,7079900
2015-10-29,31.18,31.4,30.674999,30.92,29.98451,8120700
2015-10-30,30.940001,31.0,30.66,30.76,29.829351,8618300
2015-11-02,30.559999,31.41,30.559999,31.33,30.382105,5771600
2015-11-03,31.1,32.580002,31.1,32.439999,31.458519,16475700
2015-11-04,32.240002,33.169998,31.809999,32.080002,31.109415,12605700
2015-11-05,32.0,32.710999,31.639999,32.610001,31.623379,10719300
2015-11-06,32.990002,34.599998,32.810001,33.98,32.951923,15380600
2015-11-09,33.919998,34.189999,32.150002,32.52,31.536102,18958300
2015-11-10,31.799999,31.98,30.93,31.08,30.139668,38506400
2015-11-11,31.110001,31.23,30.65,30.93,29.994209,42150400
2015-11-12,30.85,31.74,30.65,30.790001,29.858446,41436500
2015-11-13,30.75,31.49,30.440001,30.52,29.596615,31691300
2015-11-16,30.23,30.389999,29.92,30.290001,29.373571,25446400
2015-11-17,30.389999,31.360001,30.299999,30.58,29.654795,128981900
2015-11-18,30.91,31.75,30.700001,31.59,30.634241,28032000
2015-11-19,31.610001,32.029999,31.02,31.65,30.692423,29435000
2015-11-20,31.889999,31.889999,31.15,31.35,30.401501,19894000
2015-11-23,31.879999,32.25,31.33,31.549999,30.595448,26616000
2015-11-24,31.209999,31.950001,31.190001,31.34,30.391798,47529200
2015-11-25,31.459999,31.870001,31.25,31.530001,30.576056,15495500
2015-11-27,31.700001,31.84,31.299999,31.35,30.401501,8373700
2015-11-30,31.57,31.940001,31.43,31.83,30.866978,20246500
2015-12-01,32.119999,32.439999,31.860001,32.41,31.429426,11681600
2015-12-02,32.599998,32.599998,31.75,31.84,30.876675,8992400
2015-12-03,31.889999,32.049999,30.889999,31.09,30.149366,20610900
2015-12-04,31.24,32.029999,31.110001,32.029999,31.060925,15782100
2015-12-07,31.950001,32.099998,31.120001,31.35,30.401501,11885500
2015-12-08,31.18,31.405001,30.764999,31.360001,30.411201,15178000
2015-12-09,31.34,31.584999,30.360001,30.610001,29.683889,16063100
2015-12-10,30.719999,31.309999,30.66,31.049999,30.110577,9437100
2015-12-11,30.67,30.780001,29.815001,29.969999,29.063253,10431600
2015-12-14,30.139999,30.355,29.32,29.68,28.782026,15732000
2015-12-15,30.0,30.245001,29.719999,30.08,29.169924,9655600
2015-12-16,30.4,30.68,29.940001,30.530001,29.606312,8651500
2015-12-17,30.639999,30.75,30.0,30.01,29.102041,8002800
2015-12-18,29.879999,30.0,29.35,29.51,28.61717,15187400
2015-12-21,29.66,30.059999,29.549999,29.73,28.830511,5809900
2015-12-22,29.99,30.34,29.76,30.209999,29.29599,6516100
2015-12-23,30.4,30.559999,29.940001,30.51,29.586916,4824400
2015-12-24,30.48,30.723,30.309999,30.6,29.674192,1499000
2015-12-28,30.42,30.49,30.1,30.17,29.257204,3809000
2015-12-29,30.459999,30.709999,30.334999,30.690001,29.761471,3436900
2015-12-30,30.68,30.700001,30.43,30.43,29.509335,2640800
2015-12-31,30.209999,30.629999,30.1,30.41,29.489939,3804900
2016-01-04,29.98,30.01,29.379999,29.940001,29.034159,8771100
2016-01-05,29.85,30.280001,29.450001,30.110001,29.199017,7438000
2016-01-06,29.83,30.030001,29.48,29.9,28.995373,9158200
2016-01-07,29.469999,29.83,29.0,29.120001,28.238968,11194100
2016-01-08,29.360001,29.525,28.780001,28.84,27.967442,10400000
2016-01-11,29.0,29.030001,28.299999,28.700001,27.831676,11651900
2016-01-12,29.059999,29.190001,28.5,28.9,28.025625,8363300
2016-01-13,29.82,29.879999,27.52,27.57,26.735863,15222300
2016-01-14,27.6,28.280001,26.280001,28.18,27.32741,20004800
2016-01-15,27.440001,27.719999,26.99,27.639999,26.803747,14396200
2016-01-19,27.799999,28.155001,27.559999,28.030001,27.181948,9772000
2016-01-20,27.34,27.91,26.82,27.620001,26.784353,9686700
2016-01-21,27.620001,28.25,27.299999,27.73,26.891022,9065900
2016-01-22,29.299999,29.440001,28.75,29.059999,28.180782,16868400
2016-01-25,29.08,29.25,28.389999,28.48,27.618332,9094400
2016-01-26,28.51,28.92,28.32,28.66,27.792887,7500700
2016-01-27,28.549999,29.02,28.280001,28.440001,27.579546,8640000
2016-01-28,28.5,28.85,27.59,27.99,27.143156,12522100
2016-01-29,28.129999,28.43,27.290001,28.42,27.560146,15306500
2016-02-01,28.43,28.6,27.93,28.469999,27.608635,6804500
2016-02-02,28.23,28.290001,26.969999,27.01,26.192808,15173400
2016-02-03,27.040001,27.290001,25.34,26.34,25.543077,24158300
2016-02-04,26.26,26.559999,26.0,26.309999,25.513985,16837300
2016-02-05,26.34,26.540001,25.0,25.23,24.466661,15336200
2016-02-08,24.98,25.09,24.094999,24.48,23.739353,16427000
2016-02-09,24.280001,25.32,24.08,25.08,24.321199,13278100
2016-02-10,25.190001,25.85,24.959999,25.01,24.253319,7275500
2016-02-11,24.290001,24.85,23.74,24.5,23.758749,12026000
2016-02-12,24.9,25.379999,24.799999,25.370001,24.602428,6712000
2016-02-16,25.75,26.209999,25.469999,26.139999,25.349131,9707100
2016-02-17,26.389999,26.91,26.15,26.27,25.475199,10161400
2016-02-18,26.23,26.73,26.045,26.620001,25.814608,8378400
2016-02-19,26.5,26.959999,26.27,26.77,25.960068,7630600
2016-02-22,26.77,28.0,26.77,27.709999,26.871628,10824900
2016-02-23,27.709999,27.77,27.049999,27.51,26.677683,11508900
2016-02-24,27.17,27.77,26.68,27.73,26.891022,8471500
2016-02-25,27.700001,27.889999,27.405001,27.780001,26.939508,6595900
2016-02-26,27.959999,28.235001,27.35,27.93,27.084972,8585900
2016-02-29,27.85,27.931999,26.9,26.950001,26.134623,10730000
2016-03-01,27.25,27.530001,26.780001,27.530001,26.697075,11207200
2016-03-02,27.700001,28.370001,27.6,28.25,27.39529,10265600
2016-03-03,28.26,28.67,28.025,28.559999,27.695911,8978800
2016-03-04,28.74,28.99,28.370001,28.6,27.734703,6100900
2016-03-07,28.440001,28.565001,27.909,28.52,27.657122,6311600
2016-03-08,28.290001,28.43,27.639999,27.700001,26.861931,6172900
2016-03-09,27.84,28.059999,27.540001,27.68,26.842539,6986500
2016-03-10,27.799999,28.219999,27.299999,27.809999,26.968603,6059300
2016-03-11,28.139999,28.85,28.055,28.82,27.948046,8137100
2016-03-14,28.629999,28.75,28.225,28.450001,27.589241,3516300
2016-03-15,28.16,28.225,27.57,27.68,26.842539,7092500
2016-03-16,27.65,27.825001,27.41,27.620001,26.784353,9234000
2016-03-17,27.620001,28.25,27.209999,28.1,27.24983,8940500
2016-03-18,28.27,28.639999,28.15,28.459999,27.598936,10736400
2016-03-21,28.4,28.9,28.33,28.790001,27.918953,6588800
2016-03-22,28.49,28.639999,28.25,28.610001,27.744398,5258700
2016-03-23,28.58,28.75,28.254999,28.42,27.560146,4987700
2016-03-24,28.200001,28.549999,28.066999,28.450001,27.589241,4163800
2016-03-28,28.51,28.531,28.209999,28.379999,27.521358,3162900
2016-03-29,28.26,28.43,27.9,28.4,27.540751,5980600
2016-03-30,28.540001,28.745001,28.25,28.379999,27.521358,4875900
2016-03-31,28.379999,28.76,28.08,28.66,27.792887,5304900
2016-04-01,28.620001,29.5,28.51,29.33,28.442614,8118500
2016-04-04,29.24,29.360001,28.860001,28.969999,28.093508,3868200
2016-04-05,28.610001,28.790001,28.4,28.610001,27.744398,5062000
2016-04-06,28.49,28.700001,28.120001,28.65,27.78319,4227800
2016-04-07,28.42,28.51,27.799999,27.969999,27.123764,6413400
2016-04-08,27.9,28.42,27.76,28.02,27.172251,6296500
2016-04-11,28.059999,28.41,27.860001,27.870001,27.026787,5655800
2016-04-12,27.969999,28.26,27.85,28.16,27.308012,6137100
2016-04-13,28.379999,28.940001,28.290001,28.92,28.045019,7194700
2016-04-14,28.799999,29.26,28.799999,29.08,28.20018,4526600
2016-04-15,29.290001,29.4,28.780001,28.940001,28.064415,3216300
2016-04-18,28.809999,29.18,28.76,29.129999,28.248667,2618500
2016-04-19,29.200001,29.870001,29.17,29.82,28.917789,7751600
2016-04-20,29.940001,30.76,29.940001,30.67,29.742071,11727100
2016-04-21,30.58,30.74,30.280001,30.42,29.499638,6627600
2016-04-22,30.030001,31.190001,30.030001,30.5,29.577217,9138500
2016-04-25,30.469999,30.889999,30.190001,30.440001,29.519033,5870200
2016-04-26,30.59,31.200001,30.450001,31.16,30.217249,7473100
2016-04-27,31.139999,31.139999,30.57,30.879999,29.945717,7985000
2016-04-28,30.620001,31.23,30.5,30.969999,30.032995,5919300
2016-04-29,30.780001,31.0,30.285,30.57,29.645098,4897800
2016-05-02,30.780001,31.450001,30.690001,31.33,30.382105,6897400
2016-05-03,30.99,31.18,30.629999,31.08,30.139668,5487300
2016-05-04,30.76,30.860001,30.129999,30.24,29.325085,6927400
2016-05-05,30.280001,30.43,29.790001,29.83,28.92749,5835800
2016-05-06,29.66,30.115,29.5,30.08,29.169924,6064900
2016-05-09,30.129999,30.334999,29.879999,29.959999,29.053555,2890900
2016-05-10,30.07,30.700001,30.040001,30.559999,29.635401,3707600
2016-05-11,30.360001,30.459999,29.9,29.93,29.024462,7770200
2016-05-12,30.209999,30.23,29.32,29.42,28.529892,9348800
2016-05-13,29.290001,29.65,28.950001,29.040001,28.16139,6895200
2016-05-16,29.040001,29.32,28.91,28.940001,28.064415,7667200
2016-05-17,28.790001,29.698999,28.73,29.27,28.384432,6261900
2016-05-18,29.27,30.125,29.209999,30.110001,29.199017,7386000
2016-05-19,29.860001,30.25,29.58,29.940001,29.034159,6118500
2016-05-20,30.040001,30.370001,29.74,29.879999,28.975973,4904800
2016-05-23,29.780001,30.030001,29.469999,29.83,28.92749,3354900
2016-05-24,30.0,30.440001,29.969999,30.299999,29.383268,4699200
2016-05-25,30.43,30.975,30.4,30.66,29.732378,6028900
2016-05-26,30.639999,30.98,30.4,30.889999,29.955416,5610800
2016-05-27,31.0,31.24,30.766001,31.16,30.217249,5267800
2016-05-31,31.379999,31.379999,31.02,31.200001,30.256039,5877600
2016-06-01,31.15,31.33,30.76,31.290001,30.343317,3105600
2016-06-02,31.25,31.290001,30.885,31.280001,30.33362,6280100
2016-06-03,30.92,31.190001,30.25,30.719999,29.790558,5753400
2016-06-06,30.73,31.09,30.700001,31.030001,30.091181,6480600
2016-06-07,31.110001,31.84,30.73,31.610001,30.653633,10576600
2016-06-08,31.59,31.969999,31.59,31.950001,30.983347,7481400
2016-06-09,31.719999,31.719999,31.200001,31.41,30.459682,5764600
2016-06-10,31.09,31.15,30.629999,30.799999,29.868137,5913200
2016-06-13,30.66,30.889999,30.4,30.440001,29.519033,5938200
2016-06-14,29.26,29.26,25.450001,26.450001,25.649752,66008700
2016-06-15,26.49,27.17,25.93,26.5,25.698238,26797600
2016-06-16,26.24,26.280001,25.6,26.0,25.213366,21833200
2016-06-17,25.969999,26.01,25.58,25.77,24.990324,18246400
2016-06-20,26.02,26.030001,25.32,25.549999,24.776979,18357500
2016-06-21,25.68,26.25,25.5,25.85,25.067905,12099400
2016-06-22,25.809999,26.23,25.465,25.5,24.728495,14686600
2016-06-23,25.780001,26.040001,25.5,26.0,25.213366,10441200
2016-06-24,24.950001,25.469999,24.549999,24.639999,23.894512,16053500
2016-06-27,24.299999,24.32,23.25,23.360001,22.65324,14954600
2016-06-28,23.709999,24.049999,23.6,23.93,23.205992,12055200
2016-06-29,24.17,24.84,24.07,24.83,24.078764,8153600
2016-06-30,24.98,25.280001,24.450001,25.280001,24.51515,10654600
2016-07-01,25.24,25.469999,25.09,25.35,24.583031,6368800
2016-07-05,25.379999,25.395,25.01,25.120001,24.359991,7663900
2016-07-06,24.85,25.459999,24.83,25.309999,24.544241,6206600
2016-07-07,25.35,26.08,25.309999,26.02,25.232761,14370600
2016-07-08,27.290001,27.48,27.0,27.309999,26.483728,12653100
2016-07-11,27.5,27.780001,27.355,27.67,26.83284,6781600
2016-07-12,28.0,28.15,27.825001,27.92,27.075277,7635200
2016-07-13,27.950001,28.18,27.629999,28.120001,27.269224,5206400
2016-07-14,28.59,28.66,28.09,28.299999,27.443779,5896100
2016-07-15,28.32,28.32,27.83,28.120001,27.269224,7254200
2016-07-18,28.5,28.700001,28.08,28.290001,27.434084,5102600
2016-07-19,28.25,28.415001,28.1,28.25,27.39529,5232100
2016-07-20,28.49,28.58,28.0,28.139999,27.288618,8941800
2016-07-21,28.059999,28.469999,27.57,28.26,27.404987,7627400
2016-07-22,28.610001,28.889999,27.950001,28.4,27.540751,11844000
2016-07-25,28.309999,28.389999,27.959999,28.09,27.240131,7300000
2016-07-26,28.129999,28.5,28.0,28.110001,27.259527,7762300
2016-07-27,27.98,28.23,27.865,28.139999,27.288618,5204900
2016-07-28,28.049999,28.190001,27.875,27.91,27.065577,7416700
2016-07-29,27.870001,28.09,27.75,27.879999,27.036484,8307500
2016-08-01,27.9,28.27,27.879999,27.91,27.065577,7053400
2016-08-02,27.879999,28.059999,27.32,27.35,26.522524,8237400
2016-08-03,27.379999,28.040001,27.34,27.870001,27.026787,6342500
2016-08-04,27.9,28.08,27.75,27.92,27.075277,4166800
2016-08-05,28.290001,28.43,28.145,28.219999,27.366199,5337600
2016-08-08,28.33,28.440001,27.985001,28.040001,27.191647,3884200
2016-08-09,28.049999,28.09,27.790001,27.879999,27.036484,7132600
2016-08-10,27.809999,27.91,27.459999,27.65,26.939056,6786400
2016-08-11,27.700001,27.870001,27.530001,27.610001,26.900084,5070700
2016-08-12,27.450001,27.879999,27.280001,27.68,26.968287,6822900
2016-08-15,27.860001,27.969999,27.705,27.74,27.026739,4782100
2016-08-16,27.639999,27.780001,27.299999,27.299999,26.598057,5086400
2016-08-17,27.309999,27.469999,27.225,27.379999,26.675997,5611000
2016-08-18,27.389999,27.4,27.16,27.290001,26.588316,5091300
2016-08-19,27.17,27.49,27.1,27.379999,26.675997,4949300
2016-08-22,27.370001,27.379999,27.129999,27.27,26.568827,3294400
2016-08-23,27.43,27.5,27.27,27.280001,26.578569,3644700
2016-08-24,27.33,27.49,27.07,27.120001,26.422686,4352000
2016-08-25,27.1,27.209999,26.91,27.01,26.315512,3224400
2016-08-26,27.1,27.15,26.6,26.860001,26.169371,7739100
2016-08-29,26.950001,27.290001,26.860001,27.17,26.471399,3718700
2016-08-30,27.25,27.370001,27.055,27.299999,26.598057,3362700
2016-08-31,27.309999,27.84,27.219999,27.83,27.114429,7819300
2016-09-01,27.83,28.01,27.395,27.76,27.046228,5099200
2016-09-02,27.860001,27.905001,27.58,27.799999,27.085199,3544500
2016-09-06,27.77,27.83,27.545,27.610001,26.900084,4833400
2016-09-07,27.48,27.84,27.35,27.809999,27.09494,2803100
2016-09-08,27.6,27.690001,27.280001,27.34,26.637026,9421800
2016-09-09,27.309999,27.68,26.93,26.93,26.23757,6698300
2016-09-12,26.780001,27.49,26.68,27.41,26.705227,6655000
2016-09-13,27.08,27.17,26.530001,26.719999,26.032969,8611500
2016-09-14,26.719999,26.98,26.549999,26.83,26.140141,6645300
2016-09-15,26.76,27.17,26.620001,27.049999,26.354483,5053300
2016-09-16,26.85,26.969999,26.67,26.91,26.218084,13467200
2016-09-19,27.030001,27.16,26.889999,27.040001,26.344742,5029100
2016-09-20,27.209999,27.209999,26.790001,26.799999,26.11091,3696300
2016-09-21,26.950001,27.23,26.75,27.059999,26.364227,6989700
2016-09-22,27.16,27.559999,26.950001,27.48,26.773426,6321900
2016-09-23,27.33,27.75,27.299999,27.389999,26.68574,5886600
2016-09-26,27.15,27.615,27.0,27.299999,26.598057,7150600
2016-09-27,27.26,27.855,27.18,27.809999,27.09494,5904000
2016-09-28,27.809999,27.950001,27.584999,27.82,27.104687,4815400
2016-09-29,27.77,27.889999,27.02,27.370001,26.666258,5794200
2016-09-30,27.629999,28.115,27.49,28.0,27.280058,7039800
2016-10-03,27.84,28.129999,27.51,27.58,26.870853,7193600
2016-10-04,27.700001,27.92,27.290001,27.33,26.627283,9736500
2016-10-05,27.4,28.02,27.290001,27.940001,27.221601,8118600
2016-10-06,27.85,27.91,26.934999,26.99,26.296026,11432300
2016-10-07,27.1,27.42,26.49,26.67,25.984255,11058200
2016-10-10,26.93,26.99,26.450001,26.73,26.042711,14331800
2016-10-11,26.73,26.860001,26.475,26.540001,25.857597,7960300
2016-10-12,26.49,26.629999,26.42,26.51,25.828369,5161800
2016-10-13,26.299999,26.530001,26.09,26.370001,25.691967,5588500
2016-10-14,26.639999,26.940001,26.525,26.700001,26.013485,6678400
2016-10-17,26.66,26.82,26.389999,26.42,25.740681,5834100
2016-10-18,26.74,26.809999,26.549999,26.639999,25.955025,6227300
2016-10-19,26.530001,27.110001,26.530001,27.0,26.305769,4252100
2016-10-20,27.049999,27.370001,26.940001,27.129999,26.432425,10757400
2016-10-21,27.870001,28.379999,27.639999,28.23,27.504143,13331900
2016-10-24,28.41,29.02,28.41,28.790001,28.049746,9113400
2016-10-25,28.73,28.889999,28.450001,28.58,27.845142,5785600
2016-10-26,28.389999,28.865,28.295,28.700001,27.962055,5130800
2016-10-27,28.85,29.125,28.77,28.940001,28.195887,5431600
2016-10-28,29.030001,29.325001,28.76,29.1,28.351772,7759600
2016-10-31,29.290001,29.290001,28.57,28.59,27.854889,6857200
2016-11-01,28.77,29.02,28.34,28.559999,27.825657,7629200
2016-11-02,28.549999,28.809999,28.379999,28.42,27.689259,6112400
2016-11-03,28.48,28.48,28.08,28.129999,27.532656,4990500
2016-11-04,28.26,28.6,28.0,28.219999,27.620741,5915100
2016-11-07,28.82,29.115,28.629999,29.110001,28.491846,6653400
2016-11-08,28.889999,29.0,28.4,28.700001,28.090553,5310100
2016-11-09,28.950001,30.299999,28.84,30.219999,29.57827,11493400
2016-11-10,30.559999,31.74,30.51,31.610001,30.938755,11400100
2016-11-11,31.450001,32.610001,31.4,32.48,31.790283,16845100
2016-11-14,32.77,33.810001,32.75,33.720001,33.003948,12311900
2016-11-15,33.630001,33.630001,32.639999,33.34,32.632023,10573000
2016-11-16,33.080002,33.240002,32.560001,32.610001,31.917524,9094700
2016-11-17,32.830002,33.470001,32.43,33.43,32.720112,10709700
2016-11-18,33.490002,33.689999,33.16,33.619999,32.906071,7069500
2016-11-21,33.720001,33.849998,33.290001,33.619999,32.906071,7134600
2016-11-22,33.84,34.330002,33.75,33.970001,33.248642,8149800
2016-11-23,34.0,35.02,33.93,34.959999,34.217621,11393300
2016-11-25,34.990002,35.02,34.650002,34.700001,33.963142,3022500
2016-11-28,34.48,34.48,33.790001,33.900002,33.18013,6247700
2016-11-29,34.049999,34.16,33.799999,33.799999,33.082253,4282500
2016-11-30,34.189999,34.669998,33.98,34.560001,33.826118,8560700
2016-12-01,34.68,35.450001,34.57,35.07,34.325283,9961900
2016-12-02,35.049999,35.099998,34.455002,34.490002,33.757599,7112600
2016-12-05,34.849998,35.52,34.810001,35.110001,34.364433,5922700
2016-12-06,35.27,35.700001,34.915001,35.66,34.902756,5031200
2016-12-07,35.23,36.27,34.98,36.18,35.411713,6103300
2016-12-08,36.279999,36.77,36.084,36.650002,35.871731,6651600
2016-12-09,36.540001,36.77,36.220001,36.529999,35.754276,5659600
2016-12-12,36.450001,36.68,35.799999,35.939999,35.176807,6647500
2016-12-13,36.130001,36.389999,35.580002,36.27,35.499802,7663400
2016-12-14,35.970001,36.419998,35.57,35.939999,35.176807,9938400
2016-12-15,36.259998,37.130001,35.939999,36.93,36.145786,11704400
2016-12-16,37.09,37.099998,36.514999,36.630001,35.852158,7000100
2016-12-19,36.57,36.959999,36.509998,36.900002,36.116425,5526600
2016-12-20,37.060001,37.259998,36.849998,37.259998,36.468777,5100600
2016-12-21,37.310001,37.310001,36.950001,37.099998,36.312172,2778300
2016-12-22,37.099998,37.099998,36.669998,36.880001,36.096844,3958900
2016-12-23,36.810001,36.970001,36.669998,36.970001,36.18494,2970500
2016-12-27,37.130001,37.18,36.919998,37.0,36.214298,2208400
2016-12-28,37.07,37.099998,36.200001,36.240002,35.47044,4830700
2016-12-29,36.389999,36.66,35.919998,36.09,35.32362,3486900
2016-12-30,36.130001,36.459999,36.080002,36.27,35.499802,3452600
2017-01-03,36.75,37.169998,36.59,37.060001,36.273026,6058100
2017-01-04,37.299999,38.055,37.145,37.93,37.124554,6040100
2017-01-05,37.66,37.740002,36.400002,36.91,36.126205,6850800
2017-01-06,37.09,37.48,36.880001,37.130001,36.341541,5110200
2017-01-09,36.91,37.075001,36.52,36.900002,36.116425,3955400
2017-01-10,37.029999,37.490002,36.724998,36.959999,36.175148,5033200
2017-01-11,36.810001,36.810001,35.66,36.360001,35.587894,11639100
2017-01-12,36.16,36.195,35.599998,36.130001,35.362774,6484300
2017-01-13,36.34,36.830002,36.064999,36.32,35.548744,4401200
2017-01-17,36.099998,36.23,35.369999,35.509998,34.755939,4693300
2017-01-18,35.790001,35.919998,35.169998,35.900002,35.137657,3943600
2017-01-19,35.959999,36.139999,35.560001,35.610001,34.853817,6150000
2017-01-20,35.98,36.849998,35.849998,36.240002,35.47044,8954500
2017-01-23,36.029999,36.490002,35.610001,35.77,35.010418,6846600
2017-01-24,35.970001,36.369999,35.880001,36.080002,35.313839,4117800
2017-01-25,36.389999,36.494999,35.75,35.91,35.147449,6387200
2017-01-26,36.02,36.700001,35.880001,36.689999,35.910877,7572200
2017-01-27,36.689999,36.790001,36.349998,36.630001,35.852158,5956700
2017-01-30,36.450001,36.529999,36.0,36.470001,35.695557,4665100
2017-01-31,36.299999,36.535,35.560001,35.82,35.059361,5993100
2017-02-01,36.060001,36.580002,35.884998,36.0,35.235531,5258000
2017-02-02,35.639999,35.810001,35.189999,35.34,34.714909,5636500
2017-02-03,35.950001,36.735001,35.650002,36.509998,35.864212,7493400
2017-02-06,36.25,36.549999,36.16,36.450001,35.805271,4385600
2017-02-07,36.639999,36.779999,35.959999,36.049999,35.412346,5583400
2017-02-08,35.880001,35.880001,35.380001,35.77,35.137302,4228700
2017-02-09,35.77,36.595001,35.68,36.490002,35.84457,4838600
2017-02-10,36.73,36.799999,36.150002,36.220001,35.579342,5527100
2017-02-13,36.43,36.790001,36.32,36.650002,36.00174,7151700
2017-02-14,36.630001,37.400002,36.540001,37.32,36.659885,4599000
2017-02-15,37.330002,37.75,37.169998,37.279999,36.62059,4296900
2017-02-16,37.189999,37.290001,36.549999,36.849998,36.198196,3616200
2017-02-17,36.580002,36.759998,36.055,36.68,36.031208,5917000
2017-02-21,37.110001,37.34,36.860001,36.860001,36.208027,3842900
2017-02-22,36.59,37.029999,36.540001,36.779999,36.12944,2658500
2017-02-23,36.860001,36.919998,36.279999,36.630001,35.982086,3122300
2017-02-24,36.25,36.48,36.110001,36.48,35.834743,4575000
2017-02-27,36.5,36.959999,35.950001,36.939999,36.286606,4195900
2017-02-28,36.77,36.853001,35.75,36.240002,35.598991,7566900
2017-03-01,37.18,37.415001,36.710999,36.889999,36.237492,5994500
2017-03-02,36.880001,36.98,35.919998,35.970001,35.333767,6618900
2017-03-03,35.900002,36.169998,35.689999,36.049999,35.412346,5091900
2017-03-06,35.799999,35.810001,35.32,35.580002,34.950665,5115900
2017-03-07,35.57,35.939999,35.360001,35.599998,34.970306,4149400
2017-03-08,35.900002,36.099998,35.639999,35.709999,35.078362,3679900
2017-03-09,35.919998,36.150002,35.68,35.849998,35.215885,3208000
2017-03-10,36.080002,36.200001,35.779999,36.009998,35.373058,4307300
2017-03-13,35.990002,36.169998,35.720001,36.029999,35.392704,3894100
2017-03-14,35.75,35.98,35.645,35.919998,35.284649,3579900
2017-03-15,36.029999,36.18,35.68,35.799999,35.166771,6428700
2017-03-16,36.009998,36.084999,35.705002,35.830002,35.196243,4818400
2017-03-17,35.73,35.73,34.860001,35.119999,34.498802,10581400
2017-03-20,35.080002,35.200001,34.189999,34.200001,33.595074,9393700
2017-03-21,34.389999,34.5,32.939999,33.02,32.435944,11893000
2017-03-22,32.900002,33.529999,32.48,33.080002,32.494884,8907100
2017-03-23,33.07,33.82,32.93,33.43,32.838692,6455500
2017-03-24,33.560001,33.689999,33.029999,33.310001,32.720818,4682500
2017-03-27,32.59,32.970001,32.240002,32.740002,32.160896,8790100
2017-03-28,32.810001,33.900002,32.599998,33.66,33.064625,6438000
2017-03-29,33.639999,33.93,33.549999,33.779999,33.182503,4487100
2017-03-30,33.82,34.584999,33.779999,34.43,33.821003,5122200
2017-03-31,34.27,34.529999,34.125,34.299999,33.693302,5031400
2017-04-03,34.450001,34.540001,33.275002,33.759998,33.162853,6171300
2017-04-04,33.580002,33.91,33.580002,33.73,33.133385,2556000
2017-04-05,34.240002,34.360001,33.139999,33.259998,32.6717,5021000
2017-04-06,33.23,33.59,32.945,33.23,32.642231,10510500
2017-04-07,32.959999,33.419998,32.869999,33.16,32.573467,3734700
2017-04-10,33.189999,33.465,32.814999,32.869999,32.288597,6846200
2017-04-11,32.549999,33.118,32.25,33.049999,32.465412,6759700
2017-04-12,32.82,33.23,32.709999,32.810001,32.22966,4596100
2017-04-13,32.669998,32.990002,32.369999,32.369999,31.79744,5266500
2017-04-17,32.41,33.040001,32.279999,33.02,32.435944,4183900
2017-04-18,32.810001,33.064999,32.560001,32.849998,32.268951,4971700
2017-04-19,33.060001,33.23,32.869999,33.0,32.416294,3358600
2017-04-20,33.32,34.009998,33.27,33.849998,33.251263,5408300
2017-04-21,33.779999,33.880001,33.259998,33.380001,32.789581,4729700
2017-04-24,34.299999,34.349998,33.68,33.900002,33.300377,4231800
2017-04-25,34.189999,34.330002,33.630001,33.82,33.221798,6164900
2017-04-26,33.73,33.799999,32.650002,33.23,32.642231,11545900
2017-04-27,33.439999,33.439999,33.0,33.049999,32.465412,7139800
2017-04-28,27.5,29.08,27.24,27.799999,27.308275,46357600
2017-05-01,27.98,28.620001,27.200001,27.940001,27.445799,22971500
2017-05-02,27.959999,28.93,27.68,28.870001,28.35935,25490600
2017-05-03,28.620001,29.18,28.52,28.77,28.261118,14287700
2017-05-04,28.790001,28.98,28.540001,28.67,28.29072,9812900
2017-05-05,28.84,29.25,28.42,28.610001,28.231514,10945300
2017-05-08,28.58,28.700001,28.35,28.379999,28.004557,8054600
2017-05-09,28.440001,28.530001,28.02,28.1,27.728262,8665700
2017-05-10,28.01,28.120001,27.68,27.76,27.392759,11018200
2017-05-11,27.67,27.68,26.6,26.93,26.57374,14155000
2017-05-12,26.809999,26.825001,26.01,26.59,26.238237,23145000
2017-05-15,26.77,27.395,26.52,27.110001,26.751358,14541200
2017-05-16,27.219999,27.24,26.790001,26.84,26.484932,11191800
2017-05-17,26.84,26.84,26.145,26.5,26.149426,11761900
2017-05-18,26.43,26.775,26.41,26.5,26.149426,7949500
2017-05-19,27.76,27.82,26.805,26.84,26.484932,13465100
2017-05-22,27.01,27.030001,26.66,26.91,26.554005,9221600
2017-05-23,27.01,27.01,26.68,26.84,26.484932,6534500
2017-05-24,26.82,27.01,26.700001,26.799999,26.445457,9157300
2017-05-25,26.969999,27.41,26.719999,27.23,26.86977,12800800
2017-05-26,27.15,27.65,27.07,27.370001,27.007919,11451700
2017-05-30,27.309999,27.459999,27.004999,27.1,26.741489,9631400
2017-05-31,27.1,27.200001,26.34,26.85,26.494799,9204200
2017-06-01,26.99,27.469999,26.84,27.219999,26.859901,8658400
2017-06-02,26.98,27.67,26.98,27.4,27.037521,12368500
2017-06-05,27.35,28.066,27.1,27.959999,27.590113,10972400
2017-06-06,27.719999,28.445,27.51,28.290001,27.915749,14205500
2017-06-07,28.459999,29.184999,28.415001,28.870001,28.488075,16055500
2017-06-08,28.870001,29.24,28.629999,28.67,28.29072,8528500
2017-06-09,28.93,28.98,28.52,28.700001,28.320324,7848000
2017-06-12,28.709999,28.98,28.68,28.76,28.379532,5666100
2017-06-13,28.83,29.084999,28.43,28.99,28.606487,5308200
2017-06-14,28.799999,29.32,28.620001,29.23,28.843311,10163500
2017-06-15,28.98,29.66,28.969999,29.469999,29.080137,8638100
2017-06-16,29.459999,29.459999,29.07,29.33,28.941988,6828300
2017-06-19,29.469999,29.469999,29.124001,29.42,29.030798,6875200
2017-06-20,29.4,29.775,29.33,29.440001,29.050535,5691900
2017-06-21,29.450001,29.790001,29.201,29.700001,29.307095,7815300
2017-06-22,29.57,29.76,29.16,29.299999,28.912386,6380500
2017-06-23,29.49,29.52,28.84,28.969999,28.58675,7561500
2017-06-26,29.040001,29.719999,29.040001,29.68,29.287361,7016700
2017-06-27,29.75,29.799999,29.42,29.440001,29.050535,6395700
2017-06-28,29.67,30.1,29.59,29.799999,29.405771,10205800
2017-06-29,30.25,30.540001,29.315001,29.549999,29.159079,10081600
2017-06-30,29.780001,29.959999,29.469999,29.82,29.425507,4782900
2017-07-03,30.059999,30.370001,29.950001,30.059999,29.662331,2315300
2017-07-05,30.17,30.26,29.74,29.780001,29.386036,4380600
2017-07-06,29.799999,29.799999,29.290001,29.379999,28.991327,4040200
2017-07-07,29.540001,29.84,29.4,29.700001,29.307095,3595800
2017-07-10,29.67,29.700001,29.084999,29.129999,28.744635,5717600
2017-07-11,29.16,29.16,28.799999,29.1,28.715033,7745400
2017-07-12,29.1,29.35,28.889999,29.33,28.941988,3924900
2017-07-13,29.209999,29.705,29.209999,29.360001,28.971594,4742300
2017-07-14,29.15,29.635,29.059999,29.48,29.090004,4252700
2017-07-17,29.48,29.844999,29.219999,29.65,29.257755,3948400
2017-07-18,29.43,29.565001,29.17,29.33,28.941988,4653400
2017-07-19,29.450001,29.610001,29.24,29.51,29.119606,5228500
2017-07-20,29.42,29.74,29.190001,29.530001,29.139343,5707000
2017-07-21,31.49,31.9,30.120001,30.870001,30.461617,11172300
2017-07-24,30.799999,31.120001,30.530001,30.74,30.333336,5999800
2017-07-25,30.98,31.200001,30.709999,30.889999,30.481352,5911600
2017-07-26,31.07,31.09,30.530001,30.57,30.165583,6270400
2017-07-27,30.59,30.629999,30.125,30.34,29.938627,6599700
2017-07-28,30.190001,30.27,29.84,29.940001,29.543919,8419200
2017-07-31,30.059999,30.48,30.059999,30.32,29.91889,12946000
2017-08-01,30.52,30.579,29.83,29.879999,29.484713,8219200
2017-08-02,29.93,30.184999,29.780001,30.059999,29.662331,6297900
2017-08-03,29.9,30.4,29.790001,29.91,29.662333,6989300
2017-08-04,30.17,30.32,29.799999,29.870001,29.622663,7284100
2017-08-07,29.879999,30.514999,29.77,30.4,30.148275,5164200
2017-08-08,30.34,31.41,30.34,30.719999,30.465624,8043200
2017-08-09,30.48,30.559999,30.129999,30.25,29.999517,5204200
2017-08-10,30.07,30.09,28.93,29.32,29.077217,9816200
2017-08-11,29.34,29.395,28.959999,29.200001,28.958214,6668000
2017-08-14,29.5,30.200001,29.4,29.639999,29.394567,5917600
2017-08-15,30.91,31.129999,30.379999,30.99,30.733389,13489300
2017-08-16,31.67,31.68,30.82,30.870001,30.614384,7408500
2017-08-17,30.870001,30.91,30.049999,30.1,29.85076,7398500
2017-08-18,30.190001,30.360001,29.879999,30.07,29.821007,5534200
2017-08-21,30.1,30.299999,29.950001,30.26,30.009434,4640200
2017-08-22,30.34,30.465,30.0,30.34,30.088772,6259800
2017-08-23,30.200001,30.57,30.129999,30.309999,30.059021,4292300
2017-08-24,30.49,30.700001,30.299999,30.459999,30.207777,3220900
2017-08-25,30.530001,30.85,30.440001,30.540001,30.287117,2908000
2017-08-28,30.74,30.75,30.17,30.290001,30.039186,3713400
2017-08-29,30.040001,30.200001,29.790001,30.120001,29.870596,5722700
2017-08-30,30.1,30.76,30.049999,30.66,30.406122,5629800
2017-08-31,30.719999,30.92,30.620001,30.790001,30.535046,5132600
2017-09-01,30.780001,31.035,30.700001,30.92,30.663969,3076500
2017-09-05,30.700001,30.75,29.75,29.870001,29.622663,6260200
2017-09-06,30.049999,30.275,29.93,29.959999,29.711916,5911900
2017-09-07,30.0,30.0,28.955,29.059999,28.81937,5625200
2017-09-08,28.629999,28.860001,28.329,28.549999,28.313593,8560000
2017-09-11,28.82,29.35,28.65,29.15,28.908625,6050400
2017-09-12,29.35,29.57,29.110001,29.190001,28.948294,5179800
2017-09-13,29.25,29.57,29.200001,29.32,29.077217,7166700
2017-09-14,29.27,29.43,28.67,28.700001,28.462353,7550300
2017-09-15,28.57,29.209999,28.459999,29.02,28.779703,11003600
2017-09-18,29.110001,29.299999,28.950001,29.26,29.017715,5682900
2017-09-19,29.290001,29.48,29.049999,29.09,28.849123,5754300
2017-09-20,29.200001,29.266001,28.9,29.0,28.759867,6347400
2017-09-21,29.0,29.09,28.704,28.889999,28.650778,5281800
2017-09-22,28.860001,29.5,28.85,29.469999,29.225975,6320700
2017-09-25,29.35,29.879999,29.309999,29.559999,29.315229,6827300
2017-09-26,29.610001,30.040001,29.51,29.940001,29.692085,3918600
2017-09-27,30.24,31.184999,30.18,30.940001,30.683804,11194700
2017-09-28,30.9,31.43,30.879999,31.190001,30.931734,7666600
2017-09-29,31.190001,31.379999,30.92,31.049999,30.792892,5255600
2017-10-02,31.17,31.49,30.92,31.48,31.219332,4478600
2017-10-03,31.459999,31.885,31.42,31.719999,31.457344,5916600
2017-10-04,31.76,31.790001,31.26,31.309999,31.050739,4750400
2017-10-05,31.32,31.665001,31.16,31.66,31.397842,4838900
2017-10-06,31.459999,31.575001,31.190001,31.309999,31.050739,4695000
2017-10-09,31.469999,31.690001,31.26,31.440001,31.179665,2616800
2017-10-10,31.5,31.9,31.5,31.75,31.487097,4867300
2017-10-11,31.719999,31.83,31.370001,31.42,31.159828,3444200
2017-10-12,31.33,31.33,30.48,30.639999,30.386288,6771800
2017-10-13,30.450001,31.24,30.379999,30.82,30.564796,7889900
2017-10-16,30.99,31.620001,30.91,31.5,31.239168,10557400
2017-10-17,31.59,31.594999,30.85,30.98,30.723473,4723600
2017-10-18,31.120001,31.549999,30.99,31.51,31.249084,6903800
2017-10-19,31.200001,31.870001,30.860001,31.709999,31.447428,7787700
2017-10-20,33.41,34.080002,32.845001,33.040001,32.766415,15400900
2017-10-23,33.259998,33.330002,32.630001,32.68,32.409397,6188200
2017-10-24,32.759998,32.860001,32.27,32.650002,32.379646,4908900
2017-10-25,32.380001,32.630001,32.0,32.380001,32.111881,8934100
2017-10-26,32.66,32.970001,32.599998,32.869999,32.597824,5219800
2017-10-27,32.610001,32.970001,32.43,32.939999,32.66724,4059300
2017-10-30,32.779999,33.099998,32.509998,32.599998,32.330055,3998100
2017-10-31,32.540001,32.82,32.43,32.619999,32.349892,4589300
2017-11-01,32.709999,32.950001,32.544998,32.830002,32.558155,2934100
2017-11-02,32.799999,33.240002,32.465,33.220001,32.944923,6214600
2017-11-03,33.119999,33.369999,32.900002,33.110001,32.984772,4242500
2017-11-06,33.0,33.080002,32.77,32.77,32.646061,4144800
2017-11-07,32.82,33.02,32.27,32.360001,32.23761,4561500
2017-11-08,32.279999,32.389999,31.790001,32.07,31.948706,4130100
2017-11-09,31.92,32.209999,31.549999,32.09,31.968632,4140300
2017-11-10,32.130001,32.380001,32.044998,32.07,31.948706,2669700
2017-11-13,32.18,32.630001,32.110001,32.59,32.46674,5185300
2017-11-14,32.369999,32.66,32.259998,32.560001,32.436855,3936400
2017-11-15,32.080002,32.740002,31.85,32.529999,32.406967,6556700
2017-11-16,33.52,33.860001,33.189999,33.380001,33.253754,11362700
2017-11-17,33.400002,34.040001,33.34,33.860001,33.731937,8665800
2017-11-20,33.860001,34.32,33.82,33.860001,33.731937,8232800
2017-11-21,33.91,33.990002,33.310001,33.77,33.642277,6838200
2017-11-22,33.900002,33.98,33.5,33.669998,33.542652,4177300
2017-11-24,33.73,33.755001,33.419998,33.490002,33.363338,2372300
2017-11-27,33.48,33.5,32.919998,33.209999,33.084393,6196300
2017-11-28,33.220001,34.610001,33.075001,34.490002,34.359554,8612100
2017-11-29,34.939999,35.68,34.884998,35.349998,35.216301,11568600
2017-11-30,35.5,36.450001,35.435001,35.889999,35.754257,12016600
2017-12-01,35.790001,36.064999,34.66,35.939999,35.80407,7336500
2017-12-04,36.57,38.040001,36.57,37.450001,37.308357,14112000
2017-12-05,37.599998,37.93,37.189999,37.310001,37.168888,8227500
2017-12-06,37.099998,37.599998,37.040001,37.389999,37.248585,5706000
2017-12-07,37.16,37.73,37.09,37.34,37.198776,8103400
2017-12-08,37.849998,37.849998,37.165001,37.5,37.35817,7833900
2017-12-11,37.439999,37.700001,37.290001,37.59,37.44783,5916800
2017-12-12,37.619999,37.860001,37.360001,37.360001,37.2187,7197800
2017-12-13,37.400002,37.540001,36.599998,36.639999,36.501423,8078700
2017-12-14,36.860001,37.330002,36.84,36.990002,36.850101,5601700
2017-12-15,37.27,37.599998,36.880001,37.189999,37.049339,8883500
2017-12-18,37.790001,38.965,37.73,38.509998,38.364349,8723500
2017-12-19,38.799999,38.849998,38.16,38.18,38.035599,7137000
2017-12-20,38.639999,38.650002,37.919998,37.959999,37.816429,3489700
2017-12-21,38.18,38.77,38.07,38.599998,38.454006,4162700
2017-12-22,38.860001,38.860001,38.27,38.77,38.623367,4260000
2017-12-26,38.700001,38.959999,38.549999,38.709999,38.563591,3130500
2017-12-27,38.709999,38.82,38.41,38.599998,38.454006,2607200
2017-12-28,38.799999,39.110001,38.740002,38.970001,38.822609,3472700
2017-12-29,39.130001,39.169998,38.599998,38.610001,38.46397,3506500
2018-01-02,38.799999,39.0,38.52,38.860001,38.713028,3326900
2018-01-03,38.869999,39.18,38.73,39.119999,38.972042,4327300
2018-01-04,39.470001,39.860001,39.369999,39.400002,39.250984,3645900
2018-01-05,39.66,39.790001,39.25,39.740002,39.589699,4686500
2018-01-08,39.610001,39.779999,39.240002,39.259998,39.111511,4959600
2018-01-09,39.529999,39.810001,39.299999,39.439999,39.290829,6594300
2018-01-10,39.509998,40.029999,39.380001,39.66,39.509998,7627100
2018-01-11,39.77,40.169998,39.279999,39.759998,39.609619,6144200
2018-01-12,40.040001,40.049999,37.66,39.369999,39.221096,8532100
2018-01-16,39.459999,39.580002,37.779999,37.93,37.786545,12961200
2018-01-17,38.16,38.330002,37.791,38.060001,37.916054,10737200
2018-01-18,38.290001,38.290001,36.75,37.299999,37.158924,13731000
2018-01-19,37.740002,38.84,36.849998,38.470001,38.324501,11775700
2018-01-22,38.18,39.599998,38.16,39.52,39.370529,15163700
2018-01-23,39.419998,39.939999,39.060001,39.779999,39.629543,8378400
2018-01-24,39.889999,40.189999,39.459999,39.740002,39.589699,7679400
2018-01-25,39.91,40.029999,39.470001,39.580002,39.430305,7034600
2018-01-26,39.630001,40.235001,39.490002,40.209999,40.057919,5504700
2018-01-29,40.110001,40.59,40.099998,40.16,40.00811,5791900
2018-01-30,39.919998,40.16,39.604,39.630001,39.480114,5453700
2018-01-31,39.75,40.299999,39.66,39.68,39.529926,6981700
2018-02-01,39.540001,39.669998,39.029999,39.66,39.509998,5474400
2018-02-02,39.5,39.884998,38.505001,38.68,38.68,6192000
2018-02-05,38.259998,38.91,36.580002,36.880001,36.880001,10395400
2018-02-06,36.049999,37.84,35.450001,37.669998,37.669998,9275000
2018-02-07,37.439999,38.189999,37.299999,37.5,37.5,8031500
2018-02-08,37.5,37.549999,34.970001,34.98,34.98,9244100
2018-02-09,35.349998,35.860001,33.605,35.029999,35.029999,11802200
2018-02-12,35.349998,36.485001,35.240002,36.240002,36.240002,7027400
2018-02-13,35.919998,36.139999,35.52,36.009998,36.009998,4509900
2018-02-14,35.810001,36.720001,35.535,36.700001,36.700001,6964800
2018-02-15,37.040001,37.134998,36.310001,36.84,36.84,5219300
2018-02-16,36.740002,37.18,36.610001,36.73,36.73,4413100
2018-02-20,36.630001,36.91,36.360001,36.560001,36.560001,4235100
2018-02-21,36.610001,37.404999,36.5,36.57,36.57,4423200
2018-02-22,36.77,36.91,36.240002,36.330002,36.330002,7871200
2018-02-23,36.540001,37.16,36.43,37.150002,37.150002,3071700
